3,Down the River
4,Texas Seven Card Stud
5,Spit
6,Monte Carlo
7,Cowboy
10,Oedipus
10,Pass the Garbage
10,Pass the Trash
10,Pass the Trash and Roll'em Out
10,Screw Your Neigbor
22,Sows'em
31,Two Leg Poker
35,Australian Poker II
35,Blind Draw
35,Blind Tiger II
38,The Full Monty
40,Roll Your Own II
52,Gardena Jackpots
52,Jackpots
58,Single Draw Lowball
60,CEBU Special
67,Axe King
75,Money Back
75,Skinny Minnie
82,69 Draw
86,Bet or Drop
92,3-2-1
96,Five Draw Place
100,Five Card Sweat
100,No Peek
100,No Peeky
104,Mike II
108,Crazy Stud
108,Forward Pass
108,Hilo Piccolo
108,Push
108,Shove'em
108,Take It or Leave It
108,The Deck II
112,Two Fisted
122,Five Stud Second Hand High
122,Five Stud Vice President
129,Crown Stud
129,Fire in the Hole
129,Wild Hole
129,Wild in the Hole
131,Stud Loco
132,Five Card Stud Roll Your Own
132,Flip II
132,Flip Poker
132,Mexican Rollover
132,Pedro
132,Peek and Flip
132,Turn up Stud
133,Blind Stud II
133,Five Card Blind
137,Molotov
137,Ting-a-Ling
139,Choice High/Low
139,Five Card Option
139,Little Squeeze
139,Low-Bo
139,Old West
140,Passouts
142,Five Bets
142,Hole Card Stud
142,John's Poker
142,Pistol Stud
145,Assassination
145,Sudden Death
146,Cold Hands
146,No Draw
148,Bobtail
148,Canadian Stud
149,Asian Stud
153,Three Toed Pete
156,Turbo Five Card Stud
168,Beat Your Neighbor II
168,Mexican Sweat III
168,No Lookie
168,No Peeky II
168,Rollover
168,Seven Card Sweat
169,St. Louis
169,Steadmans
173,Big Chicago
173,Black Mariah II
173,High Chicago
174,Draft
174,Pick Your Poison
174,Poison
174,Socialist Poker
174,You Get What You Pay For
175,Seven Card Commander
177,Extortion
179,52 Pickup
180,Showdownburn
183,Breed the Heifer
183,Change the Diaper
188,Bank Night
191,Flip
191,New Guinea Stud
191,Seven Card Flip
191,You Roll Two
194,Chase the Lady
199,Stake in the Heart
201,Stud 8
211,Bust Out
211,Low Hold
211,Low Hole Card Wild
211,Mexican Seven
211,Shipwreck
211,Washington Park
218,Big River
231,Up the Fruit Basket
234,Seven Card Pete
238,Seven Card Blind
241,Happy
245,Dubya
245,Seven Stud Second Hand High
245,Seven Stud Vice President
245,Second Hand High
251,69 Stud
256,Black Stud Jack
256,Blo-Jo
258,Grocery Shopping
258,Linoleum
258,Nickel/Dime/Quarter
260,3-6-9
264,Selection/Rejection
266,Rembrandt
266,Wild Faces
274,Mango Madness
279,Mathilda
279,Amarillo
285,Seven-Up II
285,Two Card Manila
294,Muckleshoot Hold'em
296,Stud'em
300,Super Eight
312,4-2-1
314,Cincinnati
314,Cincinnati Liz
314,Lame Brain Pete
314,Queen City Poker
322,Three Card Guts with a Phantom Hand
337,Three Card Big Chicken
337,Three Card Guts with the Harsh Nelly Rule
337,Three Card Guts with the Wimp Rule
338,Antiguts
338,Bones
343,Three Card Fierce
343,Three Card Guts II
344,Bullets
350,Circle Jerk
354,Cowpatty
354,Shotgun Guts
361,Five Card Big Chicken
361,Five Card Guts with the Harsh Nelly Rule
361,Five Card Guts with the Wimp Rule
386,31
389,Pass the Trash III
402,Merry Christmas
424,Three Legged Race II
428,Nice Frankenstein
433,Freakpots
434,Jacks Back
434,Jackson
434,Johnson
434,Johnson Draw
434,Reverse
436,Progression
439,Mistigris
453,Shotgun II
458,Double Barreled Shotgun
469,3-2-1 with Wild
485,Ten Cards
493,Grod
493,Large Neuticles
493,Neuticles
493,Peek Poker
500,Mexican Stud II
500,Mexican Sweat II
500,Ricky DeLaet
500,Roll Your Own III
500,Elevator II
504,Crack Cocaine
505,Kenosha
506,Add It Up
522,131
530,69
532,3-33
538,Six Card Option II
539,52
539,Fifty-Two
543,Ladies Night Out
549,Rained Out
550,Baseball II
550,Yankees
566,666 II
579,High Philadelphia
581,Baltimore
581,Chicago III
581,Small Chicago
581,Southside
584,Mariah
585,Royal Chicago
585,Two Thirds
590,Curacao Stud
597,2-4-10
598,88
599,4-44
602,English Poker II
608,Follow Mary
608,Follow the Queen and Queens
608,Queens and After
608,Rolling Queens
609,Logan's Run
620,48
620,Forty Eight
621,Lingering Death
621,Low Draw
627,Dakota
633,Ian's Low Hole
633,Mexican Stud III
646,Illuminati
649,Sevens and What Makes It
665,Snookie
665,TNT
676,Exchange
680,Granny's Kitchen
685,Chowaha Teddy
694,Synthetic Poker
696,Six Card Omaha
698,Four Card Irish
699,Lame Brain Pete II
704,Omaha 8's
719,Super Nine
719,Three Card Hold'em II
719,Three Card Omaha
728,Black and Red
728,Colors
729,Bengal
729,Ohio
731,Church
731,Fire on the Cross
731,La Crosse
735,Around the World
736,"Build Up, Break Down"
736,Good vs. Evil
736,Upstairs/Downstairs
741,666
744,Zig Zag
748,42 Radical
760,Crazy 3-5-7
762,Whipsaw
765,2-3-2
770,69 II
776,Balls IV
785,Apeshit
787,38
793,Anaconda High/Low
798,AC/DC
808,Kingston
811,Ten
811,Ten Card Regrets
815,5/7/9
817,Stud Horse Poker
827,1-2-3
838,Speedway
844,Voyeur Edition
845,333
852,131 Replace
855,Choice
864,66
881,Low Philadelphia
888,4-42
891,99
900,Follow the King
909,Seven Card Nullo
927,Chewbacca
930,DPC-8
931,Fifty Four
931,54
932,809
932,Eight Oh Nine
932,Omahaholdemapple
932,Thermonuclear Pineapple
938,Five Card Omaha
939,2/5
939,California Stud
940,"2, 3, or 5"
945,Psychotic Omaha
953,Cold Omaha
961,California Pineapple
961,Pineapple II
961,Three Card Irish
961,Wild Pineapple
962,Diced Pineapple
962,Pot No Pine
962,Potnopine Hold'em
966,Phold'em
980,Utah
986,The Big H
1009,Pass the Trash II
1013,4-3
1019,Badougi
1019,Paduki
1019,Padooki
1030,AKQ
1031,Super Kings
1066,Crazy Pineapple II
1069,Juarez
1069,Watermelon
1086,Scarney High/Low Draw
1109,Black New Haven
1127,Nebraska
